,offensive,informational,requesting,questioning,praising,defensive,neutral,supporting,apologizing,thanking,begging,casual,greeting
offensive,590,1,1,1,0,0,0,0,0,0,0,2,0
informational,1,131,5,8,1,0,3,0,0,0,0,3,0
requesting,0,6,127,3,2,1,7,0,0,0,6,3,0
questioning,2,10,9,129,1,0,0,0,0,0,0,6,0
praising,3,6,6,3,145,0,2,0,0,0,0,2,0
defensive,0,0,1,0,0,161,0,0,0,0,6,0,0
neutral,2,4,3,4,0,0,122,0,0,0,0,3,0
supporting,0,0,0,0,0,0,0,161,0,0,0,0,0
apologizing,0,0,0,0,0,0,0,0,156,0,0,0,0
thanking,0,0,0,0,0,0,0,0,0,165,0,0,0
begging,0,0,2,0,0,4,0,0,0,0,161,0,0
casual,3,5,5,4,3,0,2,0,0,0,0,140,0
greeting,0,0,0,0,0,0,0,0,0,0,0,0,157
